{"cameraMode":{"drawMode":0,"name":"Shaded","section":"Shading Mode"},"sceneLighting":true,"audioPlay":false,"sceneViewState":{"m_AlwaysRefresh":false,"showFog":true,"showSkybox":true,"showFlares":true,"showImageEffects":true,"showParticleSystems":true,"showVisualEffectGraphs":true,"m_FxEnabled":true},"in2DMode":false,"pivot":{"x":-4.030207633972168,"y":5.804521560668945,"z":66.77587890625},"rotation":{"x":0.020959367975592614,"y":0.053661976009607318,"z":0.0011246211361140013,"w":-0.9983807802200317},"size":40.24191665649414,"orthographic":false}